ArrivalDate,TotalBookings,CanceledCount,ConfirmedBookings,AvgLeadTime,AvgADR,TotalGuests,OccupancyRate
2015-07-01,43,5,38,84.5813953488372,90.29372093023257,82,88.37
2015-07-02,44,9,35,69.75,101.97590909090908,94,79.55
2015-07-03,40,13,27,83.075,106.46824999999998,88,67.5
2015-07-04,50,14,36,95.6,101.78479999999999,109,72.0
2015-07-05,45,8,37,75.17777777777778,105.96088888888889,98,82.22
2015-07-06,45,5,40,100.53333333333333,106.43777777777777,95,88.89
2015-07-07,35,8,27,107.85714285714286,107.006,79,77.14
2015-07-08,29,8,21,101.41379310344827,104.47310344827585,60,72.41
2015-07-09,34,6,28,95.44117647058823,102.92470588235294,77,82.35
2015-07-10,42,2,40,67.23809523809524,120.595,101,95.24
2015-07-11,41,11,30,100.51219512195122,122.46048780487806,88,73.17
2015-07-12,45,8,37,58.06666666666667,122.15444444444444,114,82.22
2015-07-13,51,13,38,87.6078431372549,116.82686274509804,107,74.51
2015-07-14,29,5,24,64.27586206896552,118.40862068965517,57,82.76
2015-07-15,60,30,30,97.63333333333334,124.23566666666667,124,50.0
2015-07-16,52,12,40,47.86538461538461,132.4276923076923,108,76.92
2015-07-17,60,9,51,41.68333333333333,131.873,129,85.0
2015-07-18,44,10,34,68.04545454545455,148.73795454545456,103,77.27
2015-07-19,47,11,36,50.04255319148936,129.79382978723405,104,76.6
2015-07-20,66,15,51,60.60606060606061,139.5759090909091,151,77.27
2015-07-21,32,5,27,71.84375,131.363125,76,84.38
2015-07-22,26,7,19,56.38461538461539,143.96153846153845,59,73.08
2015-07-23,34,7,27,42.23529411764706,145.47735294117646,76,79.41
2015-07-24,57,13,44,53.80701754385965,152.73140350877193,130,77.19
2015-07-25,55,16,39,53.6,139.21618181818184,122,70.91
2015-07-26,41,11,30,65.04878048780488,136.72487804878048,91,73.17
2015-07-27,62,15,47,62.193548387096776,143.0525806451613,135,75.81
2015-07-28,24,4,20,61.75,134.36916666666667,54,83.33
2015-07-29,37,13,24,66.51351351351352,138.71675675675678,83,64.86
2015-07-30,48,12,36,69.35416666666667,139.93,105,75.0
2015-07-31,60,15,45,57.38333333333333,142.36983333333333,129,75.0
2015-08-01,75,31,44,91.50666666666666,165.59279999999998,175,58.67
2015-08-02,44,7,37,101.9090909090909,151.7040909090909,100,84.09
2015-08-03,62,11,51,120.74193548387096,150.04322580645163,147,82.26
2015-08-04,39,9,30,94.43589743589743,154.00923076923075,82,76.92
2015-08-05,27,6,21,60.666666666666664,147.9914814814815,57,77.78
2015-08-06,22,4,18,68.36363636363636,167.6709090909091,49,81.82
2015-08-07,41,11,30,76.07317073170732,158.8719512195122,93,73.17
2015-08-08,53,20,33,84.13207547169812,169.7001886792453,120,62.26
2015-08-09,55,12,43,59.27272727272727,165.20054545454548,119,78.18
2015-08-10,69,13,56,82.5072463768116,164.88608695652172,165,81.16
2015-08-11,50,22,28,85.12,149.7842,111,56.0
2015-08-12,28,11,17,81.67857142857143,168.055,57,60.71
2015-08-13,37,9,28,41.21621621621622,174.5845945945946,79,75.68
2015-08-14,40,9,31,52.9,174.784,99,77.5
2015-08-15,66,20,46,80.5,161.39136363636362,149,69.7
2015-08-16,69,19,50,59.46376811594203,163.10985507246377,138,72.46
2015-08-17,57,12,45,96.0,154.44070175438597,130,78.95
2015-08-18,30,7,23,63.7,170.73266666666666,78,76.67
2015-08-19,27,7,20,48.2962962962963,167.8925925925926,63,74.07
2015-08-20,34,4,30,74.32352941176471,137.37735294117647,71,88.24
2015-08-21,34,6,28,55.14705882352941,176.20382352941178,74,82.35
2015-08-22,57,14,43,78.66666666666667,162.35877192982457,132,75.44
2015-08-23,52,15,37,62.53846153846154,165.99173076923077,125,71.15
2015-08-24,49,14,35,53.89795918367347,168.3704081632653,110,71.43
2015-08-25,33,12,21,73.57575757575758,153.39848484848483,70,63.64
2015-08-26,29,7,22,68.55172413793103,134.21655172413793,62,75.86
2015-08-27,41,16,25,80.85365853658537,119.86146341463414,89,60.98
2015-08-28,56,16,40,59.285714285714285,138.76,130,71.43
2015-08-29,53,8,45,57.716981132075475,129.51037735849056,112,84.91
2015-08-30,45,7,38,57.08888888888889,127.16155555555555,99,84.44
2015-08-31,35,7,28,79.54285714285714,116.36428571428571,77,80.0
2015-09-01,60,16,44,122.26666666666667,113.81466666666667,126,73.33
2015-09-02,83,50,33,210.83132530120483,59.94132530120482,178,39.76
2015-09-03,70,25,45,177.87142857142857,82.04585714285714,177,64.29
2015-09-04,52,17,35,111.9423076923077,114.61115384615384,100,67.31
2015-09-05,51,26,25,140.8235294117647,108.03901960784313,137,49.02
2015-09-06,58,14,44,82.96551724137932,113.74517241379311,123,75.86
2015-09-07,49,11,38,116.77551020408163,107.07224489795918,147,77.55
2015-09-08,27,8,19,136.2962962962963,97.07444444444445,56,70.37
2015-09-09,34,8,26,70.08823529411765,108.01352941176471,59,76.47
2015-09-10,46,12,34,117.21739130434783,87.37673913043479,93,73.91
2015-09-11,33,2,31,85.03030303030303,110.3839393939394,66,93.94
2015-09-12,69,21,48,206.85507246376812,60.77086956521739,156,69.57
2015-09-13,33,10,23,125.21212121212122,90.0569696969697,69,69.7
2015-09-14,48,6,42,155.14583333333334,90.42604166666666,96,87.5
2015-09-15,54,36,18,179.35185185185185,63.86888888888889,110,33.33
2015-09-16,57,8,49,44.50877192982456,83.66754385964913,110,85.96
2015-09-17,152,97,55,210.15131578947367,53.2258552631579,261,36.18
2015-09-18,29,6,23,107.62068965517241,92.36206896551724,59,79.31
2015-09-19,75,23,52,177.93333333333334,78.41573333333334,173,69.33
2015-09-20,27,6,21,127.22222222222223,78.07925925925926,58,77.78
2015-09-21,65,11,54,162.13846153846154,78.93123076923077,148,83.08
2015-09-22,19,5,14,76.3157894736842,94.39894736842105,37,73.68
2015-09-23,42,7,35,97.14285714285714,78.47880952380953,86,83.33
2015-09-24,50,19,31,190.58,68.2694,121,62.0
2015-09-25,63,33,30,141.96825396825398,86.51365079365078,127,47.62
2015-09-26,76,42,34,170.89473684210526,62.97407894736842,172,44.74
2015-09-27,31,5,26,94.61290322580645,72.82870967741935,59,83.87
2015-09-28,45,11,34,62.53333333333333,67.52644444444445,83,75.56
2015-09-29,35,7,28,96.14285714285714,70.71085714285715,65,80.0
2015-09-30,52,9,43,128.94230769230768,63.59461538461539,88,82.69
2015-10-01,43,4,39,54.372093023255815,69.48767441860466,85,90.7
2015-10-02,32,4,28,92.625,65.559375,71,87.5
2015-10-03,86,51,35,145.34883720930233,50.40802325581396,186,40.7
2015-10-04,75,43,32,157.58666666666667,56.17093333333333,204,42.67
2015-10-05,54,24,30,116.44444444444444,70.12388888888889,104,55.56
2015-10-06,52,12,40,140.03846153846155,60.24346153846154,125,76.92
2015-10-07,33,5,28,48.696969696969695,53.59030303030303,57,84.85
2015-10-08,71,30,41,139.2112676056338,59.16295774647887,141,57.75
2015-10-09,94,58,36,113.2127659574468,75.49553191489362,186,38.3
2015-10-10,77,26,51,110.50649350649351,60.96584415584415,154,66.23
2015-10-11,43,6,37,28.023255813953487,60.14093023255814,82,86.05
2015-10-12,75,5,70,128.38666666666666,55.704133333333324,148,93.33
2015-10-13,35,1,34,66.0,57.76228571428572,68,97.14
2015-10-14,41,1,40,125.3170731707317,48.32951219512195,70,97.56
2015-10-15,93,1,92,261.8279569892473,45.56118279569892,181,98.92
2015-10-16,16,1,15,76.875,49.508125,29,93.75
2015-10-17,9,1,8,38.888888888888886,71.91333333333334,20,88.89
2015-10-18,51,7,44,60.98039215686274,57.962745098039214,99,86.27
2015-10-19,71,4,67,53.67605633802817,60.20140845070423,126,94.37
2015-10-20,30,4,26,50.36666666666667,61.24933333333333,60,86.67
2015-10-21,70,16,54,140.62857142857143,55.45585714285714,121,77.14
2015-10-22,45,5,40,52.93333333333333,56.79600000000001,89,88.89
2015-10-23,44,7,37,54.31818181818182,59.88999999999999,81,84.09
2015-10-24,78,51,27,94.02564102564102,52.75769230769231,137,34.62
2015-10-25,16,1,15,67.875,52.890625,36,93.75
2015-10-26,32,8,24,29.625,42.328125,41,75.0
2015-10-27,32,1,31,9.6875,48.559375,53,96.88
2015-10-28,22,0,22,11.227272727272727,50.666818181818186,27,100.0
2015-10-29,30,2,28,50.86666666666667,43.72566666666667,48,93.33
2015-10-30,38,0,38,34.55263157894737,48.355,71,100.0
2015-10-31,81,32,49,82.93827160493827,41.58481481481481,155,60.49
2015-11-01,29,7,22,37.48275862068966,45.143103448275866,51,75.86
2015-11-02,40,7,33,27.675,43.4255,66,82.5
2015-11-03,50,3,47,15.4,40.8434,74,94.0
2015-11-04,18,3,15,12.0,39.52444444444445,25,83.33
2015-11-05,20,0,20,30.3,51.081,30,100.0
2015-11-06,37,7,30,55.432432432432435,51.92135135135135,59,81.08
2015-11-07,74,18,56,47.25675675675676,47.77189189189189,121,75.68
2015-11-08,32,5,27,38.0,53.621875,50,84.38
2015-11-09,27,4,23,27.85185185185185,47.74481481481481,41,85.19
2015-11-10,23,5,18,23.26086956521739,54.84086956521739,41,78.26
2015-11-11,42,19,23,42.476190476190474,48.389523809523816,54,54.76
2015-11-12,45,16,29,33.266666666666666,47.576,60,64.44
2015-11-13,15,2,13,31.2,61.24333333333333,31,86.67
2015-11-14,11,3,8,31.90909090909091,63.27363636363636,23,72.73
2015-11-15,15,3,12,28.6,46.16466666666667,28,80.0
2015-11-16,57,10,47,29.19298245614035,38.06017543859649,93,82.46
2015-11-17,37,1,36,11.675675675675675,42.66594594594595,55,97.3
2015-11-18,69,4,65,54.69565217391305,53.01347826086956,112,94.2
2015-11-19,28,4,24,42.67857142857143,46.31178571428571,53,85.71
2015-11-20,84,37,47,129.8452380952381,55.14333333333333,163,55.95
2015-11-21,72,4,68,40.541666666666664,41.68819444444445,157,94.44
2015-11-22,13,0,13,22.53846153846154,46.23307692307692,23,100.0
2015-11-23,31,5,26,14.161290322580646,37.40064516129033,48,83.87
2015-11-24,37,0,37,11.64864864864865,40.62621621621622,60,100.0
2015-11-25,29,0,29,6.172413793103448,35.62827586206897,37,100.0
2015-11-26,28,1,27,35.035714285714285,38.6625,42,96.43
2015-11-27,55,7,48,8.236363636363636,44.372727272727275,108,87.27
2015-11-28,41,5,36,15.536585365853659,47.575609756097556,89,87.8
2015-11-29,5,1,4,33.6,41.13,9,80.0
2015-11-30,40,4,36,18.925,39.919,53,90.0
2015-12-01,30,1,29,13.933333333333334,38.39866666666667,40,96.67
2015-12-02,35,1,34,14.257142857142858,39.573142857142855,53,97.14
2015-12-03,40,5,35,14.475,43.222750000000005,60,87.5
2015-12-04,32,9,23,47.09375,47.6815625,63,71.88
2015-12-05,222,106,116,44.45945945945946,63.25355855855856,454,52.25
2015-12-06,37,15,22,40.972972972972975,53.82621621621622,72,59.46
2015-12-07,21,4,17,13.380952380952381,48.076190476190476,41,80.95
2015-12-08,14,2,12,16.0,36.39642857142857,22,85.71
2015-12-09,33,0,33,3.8181818181818183,38.11515151515152,46,100.0
2015-12-10,22,0,22,26.954545454545453,30.185454545454547,37,100.0
2015-12-11,16,2,14,17.875,34.021875,30,87.5
2015-12-12,30,1,29,21.8,56.333333333333336,63,96.67
2015-12-13,10,1,9,27.1,38.195,16,90.0
2015-12-14,25,1,24,35.32,34.5464,39,96.0
2015-12-15,17,1,16,17.41176470588235,39.34176470588235,24,94.12
2015-12-16,22,0,22,7.954545454545454,39.019999999999996,30,100.0
2015-12-17,25,4,21,28.72,40.722,40,84.0
2015-12-18,15,1,14,25.733333333333334,40.54066666666667,30,93.33
2015-12-19,58,29,29,53.63793103448276,64.88189655172414,123,50.0
2015-12-20,24,9,15,90.33333333333333,45.10208333333333,46,62.5
2015-12-21,32,8,24,62.21875,47.0078125,61,75.0
2015-12-22,61,15,46,77.36065573770492,53.44524590163934,118,75.41
2015-12-23,41,7,34,48.146341463414636,63.71609756097561,78,82.93
2015-12-24,46,6,40,52.76086956521739,61.26804347826087,105,86.96
2015-12-25,40,22,18,15.225,54.20125,80,45.0
2015-12-26,42,12,30,49.285714285714285,59.995,95,71.43
2015-12-27,39,6,33,34.94871794871795,57.940512820512815,77,84.62
2015-12-28,44,10,34,36.38636363636363,56.38886363636364,87,77.27
2015-12-29,26,2,24,50.5,93.01615384615386,53,92.31
2015-12-30,119,12,107,114.22689075630252,145.81932773109244,231,89.92
2015-12-31,46,13,33,68.58695652173913,130.8313043478261,106,71.74
2016-01-01,15,5,10,40.733333333333334,78.97133333333333,40,66.67
2016-01-02,70,30,40,60.02857142857143,67.62899999999999,141,57.14
2016-01-03,26,2,24,19.96153846153846,45.28076923076923,54,92.31
2016-01-04,44,11,33,12.727272727272727,52.01818181818182,80,75.0
2016-01-05,25,6,19,31.52,43.33559999999999,38,76.0
2016-01-06,19,2,17,31.105263157894736,49.392105263157895,33,89.47
2016-01-07,24,4,20,31.375,47.77125,45,83.33
2016-01-08,26,8,18,27.0,45.275000000000006,50,69.23
2016-01-09,34,7,27,22.764705882352942,47.059411764705885,63,79.41
2016-01-10,20,2,18,17.45,39.701,31,90.0
2016-01-11,31,0,31,4.258064516129032,40.54064516129032,47,100.0
2016-01-12,39,5,34,21.384615384615383,40.61358974358974,55,87.18
2016-01-13,30,3,27,9.433333333333334,34.86633333333334,41,90.0
2016-01-14,32,0,32,8.75,40.4509375,50,100.0
2016-01-15,33,2,31,7.151515151515151,50.54272727272728,66,93.94
2016-01-16,29,2,27,10.96551724137931,49.67689655172414,57,93.1
2016-01-17,12,2,10,42.583333333333336,54.36333333333334,23,83.33
2016-01-18,32,2,30,6.1875,37.634375,45,93.75
2016-01-19,30,1,29,8.3,37.485,47,96.67
2016-01-20,30,0,30,11.266666666666667,39.388333333333335,46,100.0
2016-01-21,26,3,23,10.461538461538462,42.98461538461538,38,88.46
2016-01-22,26,4,22,9.115384615384615,48.21846153846154,47,84.62
2016-01-23,37,2,35,10.513513513513514,50.27621621621622,78,94.59
2016-01-24,7,0,7,2.2857142857142856,41.857142857142854,12,100.0
2016-01-25,18,2,16,29.555555555555557,42.89555555555555,29,88.89
2016-01-26,41,1,40,16.829268292682926,35.71292682926829,60,97.56
2016-01-27,22,2,20,10.090909090909092,42.45818181818182,33,90.91
2016-01-28,42,5,37,23.095238095238095,46.986428571428576,74,88.1
2016-01-29,30,3,27,20.666666666666668,52.018,58,90.0
2016-01-30,21,2,19,14.285714285714286,48.29238095238095,43,90.48
2016-01-31,13,1,12,13.384615384615385,51.33461538461539,26,92.31
2016-02-01,33,7,26,9.848484848484848,40.55969696969697,43,78.79
2016-02-02,37,2,35,14.756756756756756,40.645135135135135,54,94.59
2016-02-03,34,6,28,17.38235294117647,41.872058823529414,48,82.35
2016-02-04,54,6,48,14.555555555555555,43.806666666666665,83,88.89
2016-02-05,53,5,48,16.39622641509434,54.05358490566038,112,90.57
2016-02-06,108,30,78,40.28703703703704,62.841759259259256,226,72.22
2016-02-07,66,30,36,58.86363636363637,67.4539393939394,136,54.55
2016-02-08,30,9,21,48.666666666666664,52.095666666666666,61,70.0
2016-02-09,42,10,32,62.357142857142854,45.5797619047619,79,76.19
2016-02-10,31,2,29,16.806451612903224,47.814516129032256,51,93.55
2016-02-11,45,19,26,37.6,44.38133333333334,85,57.78
2016-02-12,175,99,76,83.88571428571429,62.43937142857143,352,43.43
2016-02-13,74,7,67,16.716216216216218,64.95783783783784,156,90.54
2016-02-14,41,9,32,26.78048780487805,65.07487804878049,92,78.05
2016-02-15,36,5,31,41.5,45.1825,70,86.11
2016-02-16,37,0,37,15.702702702702704,42.11918918918919,59,100.0
2016-02-17,46,3,43,12.717391304347826,48.60782608695652,72,93.48
2016-02-18,29,2,27,13.96551724137931,56.3551724137931,56,93.1
2016-02-19,27,7,20,27.22222222222222,57.230000000000004,54,74.07
2016-02-20,42,6,36,19.833333333333332,55.37095238095238,85,85.71
2016-02-21,16,4,12,20.75,56.588125,35,75.0
2016-02-22,44,4,40,16.272727272727273,42.33295454545455,68,90.91
2016-02-23,28,2,26,12.678571428571429,41.488214285714285,40,92.86
2016-02-24,31,3,28,12.290322580645162,42.420967741935485,57,90.32
2016-02-25,51,4,47,27.215686274509803,44.48137254901961,90,92.16
2016-02-26,154,96,58,59.83116883116883,65.36571428571429,311,37.66
2016-02-27,103,20,83,48.029126213592235,58.62572815533981,220,80.58
2016-02-28,25,6,19,29.44,50.0916,48,76.0
2016-02-29,27,3,24,14.851851851851851,46.401111111111106,41,88.89
2016-03-01,54,16,38,29.74074074074074,54.337407407407404,91,70.37
2016-03-02,58,22,36,87.79310344827586,46.652931034482755,102,62.07
2016-03-03,22,2,20,14.772727272727273,43.809090909090905,39,90.91
2016-03-04,81,24,57,47.2962962962963,53.42518518518518,152,70.37
2016-03-05,53,15,38,25.660377358490567,57.848113207547165,93,71.7
2016-03-06,18,0,18,30.77777777777778,52.02611111111111,37,100.0
2016-03-07,65,11,54,31.4,49.79784615384616,110,83.08
2016-03-08,44,1,43,23.84090909090909,39.30227272727273,65,97.73
2016-03-09,68,9,59,41.8235294117647,63.37132352941177,131,86.76
2016-03-10,30,4,26,28.466666666666665,51.63699999999999,49,86.67
2016-03-11,63,14,49,33.682539682539684,39.885555555555555,95,77.78
2016-03-12,62,9,53,22.516129032258064,48.28661290322581,122,85.48
2016-03-13,26,4,22,60.76923076923077,52.51576923076924,60,84.62
2016-03-14,54,8,46,21.12962962962963,44.58203703703703,80,85.19
2016-03-15,52,3,49,20.115384615384617,42.798846153846156,80,94.23
2016-03-16,49,3,46,21.632653061224488,39.74469387755102,74,93.88
2016-03-17,71,7,64,29.253521126760564,41.40380281690141,124,90.14
2016-03-18,51,10,41,33.588235294117645,53.11941176470589,104,80.39
2016-03-19,91,30,61,47.494505494505496,57.06384615384616,194,67.03
2016-03-20,48,12,36,54.0,62.97270833333334,109,75.0
2016-03-21,65,13,52,36.184615384615384,52.528615384615385,131,80.0
2016-03-22,53,8,45,39.39622641509434,58.812452830188676,90,84.91
2016-03-23,41,5,36,36.80487804878049,73.71878048780488,80,87.8
2016-03-24,170,67,103,97.31764705882352,80.577,371,60.59
2016-03-25,45,8,37,58.955555555555556,88.11177777777779,96,82.22
2016-03-26,23,5,18,34.130434782608695,84.88826086956522,51,78.26
2016-03-27,47,13,34,39.744680851063826,63.88489361702128,108,72.34
2016-03-28,70,22,48,43.4,59.707857142857144,138,68.57
2016-03-29,45,5,40,30.733333333333334,51.72822222222222,93,88.89
2016-03-30,57,6,51,72.03508771929825,56.22877192982456,106,89.47
2016-03-31,102,13,89,148.04901960784315,64.13460784313725,193,87.25
2016-04-01,23,2,21,49.608695652173914,72.5391304347826,47,91.3
2016-04-02,25,4,21,60.68,77.52640000000001,55,84.0
2016-04-03,28,4,24,40.42857142857143,77.84392857142858,56,85.71
2016-04-04,100,19,81,95.85,68.15859999999999,175,81.0
2016-04-05,42,3,39,32.357142857142854,59.669761904761906,68,92.86
2016-04-06,48,3,45,26.416666666666668,58.99395833333333,76,93.75
2016-04-07,88,22,66,51.89772727272727,63.285227272727276,163,75.0
2016-04-08,46,6,40,34.73913043478261,61.75913043478261,92,86.96
2016-04-09,78,23,55,62.56410256410256,57.2451282051282,139,70.51
2016-04-10,48,8,40,147.16666666666666,66.24645833333334,88,83.33
2016-04-11,79,33,46,89.40506329113924,63.36987341772152,135,58.23
2016-04-12,62,29,33,98.43548387096774,71.20451612903226,110,53.23
2016-04-13,38,2,36,35.26315789473684,68.25421052631579,62,94.74
2016-04-14,37,3,34,28.405405405405407,69.76513513513514,65,91.89
2016-04-15,32,7,25,43.28125,74.5390625,61,78.12
2016-04-16,71,16,55,136.7887323943662,71.43366197183099,133,77.46
2016-04-17,30,5,25,61.333333333333336,64.55766666666666,55,83.33
2016-04-18,111,21,90,120.11711711711712,69.23657657657658,190,81.08
2016-04-19,75,32,43,72.98666666666666,62.58133333333334,132,57.33
2016-04-20,44,5,39,48.15909090909091,63.41795454545454,72,88.64
2016-04-21,30,8,22,69.53333333333333,65.86766666666666,51,73.33
2016-04-22,91,25,66,98.65934065934066,76.01967032967033,183,72.53
2016-04-23,66,20,46,62.10606060606061,78.86348484848484,146,69.7
2016-04-24,60,31,29,92.26666666666667,76.873,123,48.33
2016-04-25,62,34,28,67.88709677419355,68.62483870967742,119,45.16
2016-04-26,74,20,54,68.94594594594595,59.12702702702702,130,72.97
2016-04-27,64,13,51,35.921875,72.3721875,116,79.69
2016-04-28,75,30,45,91.48,72.16733333333333,145,60.0
2016-04-29,117,65,52,67.14529914529915,67.84179487179487,231,44.44
2016-04-30,123,29,94,105.07317073170732,78.68666666666665,232,76.42
2016-05-01,33,8,25,75.18181818181819,71.29121212121213,74,75.76
2016-05-02,107,29,78,122.41121495327103,76.18841121495326,210,72.9
2016-05-03,33,6,27,61.666666666666664,64.12969696969698,58,81.82
2016-05-04,41,3,38,39.146341463414636,75.63609756097561,74,92.68
2016-05-05,56,8,48,115.82142857142857,59.888035714285714,110,85.71
2016-05-06,45,15,30,82.5111111111111,70.27688888888889,84,66.67
2016-05-07,60,10,50,55.03333333333333,73.43466666666667,117,83.33
2016-05-08,60,15,45,67.6,68.40650000000001,113,75.0
2016-05-09,45,9,36,74.04444444444445,64.97422222222222,81,80.0
2016-05-10,50,16,34,104.4,62.053599999999996,92,68.0
2016-05-11,38,4,34,41.23684210526316,73.85105263157895,68,89.47
2016-05-12,150,63,87,279.5933333333333,58.951800000000006,290,58.0
2016-05-13,31,12,19,92.0,83.0,68,61.29
2016-05-14,78,24,54,152.32051282051282,75.8248717948718,152,69.23
2016-05-15,88,34,54,33.34090909090909,71.65840909090909,180,61.36
2016-05-16,104,25,79,137.2403846153846,73.63163461538461,191,75.96
2016-05-17,62,16,46,106.1774193548387,57.62548387096775,119,74.19
2016-05-18,66,29,37,58.40909090909091,64.08242424242424,105,56.06
2016-05-19,73,12,61,73.16438356164383,72.82794520547945,148,83.56
2016-05-20,32,9,23,68.0,85.7921875,75,71.88
2016-05-21,47,16,31,104.82978723404256,78.45553191489361,100,65.96
2016-05-22,40,5,35,93.75,71.0535,79,87.5
2016-05-23,38,9,29,91.47368421052632,70.40368421052632,71,76.32
2016-05-24,49,10,39,168.55102040816325,67.02714285714285,95,79.59
2016-05-25,49,11,38,131.3673469387755,77.55857142857143,104,77.55
2016-05-26,67,7,60,176.1492537313433,71.72029850746269,123,89.55
2016-05-27,40,24,16,99.825,75.7585,82,40.0
2016-05-28,47,16,31,164.3404255319149,80.85936170212766,89,65.96
2016-05-29,37,9,28,84.72972972972973,81.43594594594595,75,75.68
2016-05-30,76,12,64,74.51315789473684,79.27684210526316,143,84.21
2016-05-31,60,13,47,95.68333333333334,83.52600000000001,118,78.33
2016-06-01,68,23,45,128.36764705882354,91.29191176470589,131,66.18
2016-06-02,56,7,49,98.51785714285714,89.99107142857143,105,87.5
2016-06-03,54,22,32,139.88888888888889,102.3475925925926,117,59.26
2016-06-04,43,13,30,119.67441860465117,94.37023255813953,93,69.77
2016-06-05,42,14,28,108.88095238095238,105.02714285714286,95,66.67
2016-06-06,49,11,38,104.0204081632653,97.09551020408163,105,77.55
2016-06-07,35,13,22,101.97142857142858,104.686,71,62.86
2016-06-08,27,8,19,88.92592592592592,99.67888888888889,51,70.37
2016-06-09,39,7,32,106.23076923076923,100.21051282051282,75,82.05
2016-06-10,42,12,30,101.85714285714286,125.68738095238095,98,71.43
2016-06-11,52,12,40,167.15384615384616,92.87134615384616,102,76.92
2016-06-12,79,38,41,158.9873417721519,117.89936708860759,176,51.9
2016-06-13,58,19,39,122.79310344827586,99.29637931034482,109,67.24
2016-06-14,29,10,19,122.0,87.59965517241379,58,65.52
2016-06-15,35,2,33,125.08571428571429,93.548,69,94.29
2016-06-16,37,10,27,112.4054054054054,122.27432432432431,88,72.97
2016-06-17,51,14,37,105.62745098039215,111.32607843137255,112,72.55
2016-06-18,54,17,37,127.66666666666667,102.2464814814815,117,68.52
2016-06-19,33,10,23,123.72727272727273,98.43151515151514,64,69.7
2016-06-20,51,16,35,117.86274509803921,86.18333333333334,103,68.63
2016-06-21,60,14,46,167.36666666666667,87.5765,118,76.67
2016-06-22,53,11,42,211.58490566037736,90.43471698113207,97,79.25
2016-06-23,39,4,35,165.92307692307693,84.56564102564103,88,89.74
2016-06-24,21,5,16,160.76190476190476,103.78095238095239,50,76.19
2016-06-25,63,15,48,88.92063492063492,131.71301587301588,143,76.19
2016-06-26,51,11,40,137.7450980392157,108.24588235294118,111,78.43
2016-06-27,44,20,24,128.54545454545453,94.91431818181817,83,54.55
2016-06-28,35,6,29,165.34285714285716,90.47514285714286,72,82.86
2016-06-29,19,5,14,119.78947368421052,92.05263157894737,33,73.68
2016-06-30,50,7,43,88.04,117.91040000000001,116,86.0
2016-07-01,32,13,19,141.40625,118.59875,80,59.38
2016-07-02,54,18,36,166.33333333333334,109.62462962962964,118,66.67
2016-07-03,33,11,22,132.96969696969697,118.78515151515151,76,66.67
2016-07-04,56,12,44,164.78571428571428,118.35714285714286,125,78.57
2016-07-05,35,3,32,127.08571428571429,134.83485714285715,81,91.43
2016-07-06,24,5,19,111.70833333333333,128.88458333333332,49,79.17
2016-07-07,35,9,26,101.88571428571429,132.11542857142857,72,74.29
2016-07-08,44,19,25,92.38636363636364,149.39818181818183,99,56.82
2016-07-09,50,16,34,154.22,127.67479999999999,113,68.0
2016-07-10,30,5,25,161.4,127.14966666666666,65,83.33
2016-07-11,45,15,30,133.66666666666666,143.85088888888887,110,66.67
2016-07-12,46,19,27,157.19565217391303,127.33000000000001,85,58.7
2016-07-13,28,10,18,83.89285714285714,163.0842857142857,65,64.29
2016-07-14,46,14,32,88.21739130434783,162.02108695652174,111,69.57
2016-07-15,60,22,38,95.86666666666666,163.2665,137,63.33
2016-07-16,72,34,38,106.23611111111111,161.82333333333335,153,52.78
2016-07-17,51,19,32,108.29411764705883,183.98921568627452,119,62.75
2016-07-18,71,23,48,103.56338028169014,165.87126760563382,169,67.61
2016-07-19,41,9,32,79.4390243902439,159.33243902439025,80,78.05
2016-07-20,41,12,29,106.73170731707317,137.75829268292682,84,70.73
2016-07-21,53,15,38,82.98113207547169,168.29490566037734,127,71.7
2016-07-22,46,17,29,92.08695652173913,166.4054347826087,105,63.04
2016-07-23,65,25,40,111.67692307692307,177.82476923076925,163,61.54
2016-07-24,49,15,34,121.63265306122449,155.85367346938776,108,69.39
2016-07-25,65,24,41,120.3076923076923,167.6616923076923,143,63.08
2016-07-26,35,9,26,77.94285714285714,178.43028571428573,74,74.29
2016-07-27,35,10,25,129.02857142857144,173.6777142857143,77,71.43
2016-07-28,39,8,31,79.2051282051282,184.72128205128206,90,79.49
2016-07-29,42,11,31,88.73809523809524,188.71904761904761,87,73.81
2016-07-30,67,21,46,91.98507462686567,183.12522388059702,161,68.66
2016-07-31,51,13,38,124.90196078431373,176.69313725490196,118,74.51
2016-08-01,89,28,61,146.7865168539326,173.02101123595506,213,68.54
2016-08-02,50,19,31,136.44,189.4884,123,62.0
2016-08-03,36,10,26,75.25,189.55416666666667,76,72.22
2016-08-04,51,14,37,101.15686274509804,199.11607843137256,128,72.55
2016-08-05,50,21,29,88.78,215.2784,126,58.0
2016-08-06,51,19,32,114.7843137254902,197.7801960784314,115,62.75
2016-08-07,54,20,34,99.88888888888889,208.08833333333334,140,62.96
2016-08-08,76,22,54,128.5,194.67105263157896,184,71.05
2016-08-09,32,10,22,140.40625,204.3275,76,68.75
2016-08-10,49,19,30,110.22448979591837,198.25734693877553,108,61.22
2016-08-11,55,19,36,86.65454545454546,210.9930909090909,123,65.45
2016-08-12,62,22,40,103.03225806451613,208.8498387096774,144,64.52
2016-08-13,78,37,41,117.2948717948718,206.005,195,52.56
2016-08-14,46,17,29,91.17391304347827,204.30152173913046,105,63.04
2016-08-15,76,28,48,139.64473684210526,193.1588157894737,172,63.16
2016-08-16,62,25,37,111.7741935483871,205.1841935483871,148,59.68
2016-08-17,45,18,27,73.91111111111111,212.2871111111111,104,60.0
2016-08-18,64,23,41,71.90625,205.3484375,147,64.06
2016-08-19,39,9,30,92.25641025641026,189.74820512820514,89,76.92
2016-08-20,67,25,42,105.11940298507463,204.18507462686566,163,62.69
2016-08-21,40,10,30,145.3,179.2495,97,75.0
2016-08-22,72,23,49,85.02777777777777,206.0411111111111,173,68.06
2016-08-23,38,10,28,94.10526315789474,183.32263157894738,85,73.68
2016-08-24,37,14,23,89.64864864864865,191.3791891891892,84,62.16
2016-08-25,47,19,28,109.02127659574468,167.19042553191488,100,59.57
2016-08-26,63,24,39,83.73015873015873,185.15285714285713,153,61.9
2016-08-27,64,18,46,121.640625,164.40703125,143,71.88
2016-08-28,50,16,34,95.56,177.533,114,68.0
2016-08-29,62,19,43,144.5483870967742,142.36451612903227,134,69.35
2016-08-30,43,13,30,121.23255813953489,156.50837209302324,99,69.77
2016-08-31,37,7,30,102.29729729729729,136.5108108108108,79,81.08
2016-09-01,67,23,44,187.32835820895522,124.69328358208956,152,65.67
2016-09-02,56,20,36,161.01785714285714,133.53910714285715,117,64.29
2016-09-03,45,8,37,154.55555555555554,131.64000000000001,97,82.22
2016-09-04,40,14,26,179.925,129.96275,92,65.0
2016-09-05,55,12,43,187.8909090909091,126.59654545454546,123,78.18
2016-09-06,24,5,19,195.875,134.00541666666666,59,79.17
2016-09-07,69,57,12,207.59420289855072,101.55275362318841,92,17.39
2016-09-08,32,12,20,135.9375,135.9475,76,62.5
2016-09-09,49,10,39,115.04081632653062,123.35244897959184,98,79.59
2016-09-10,48,11,37,143.0,119.20104166666665,99,77.08
2016-09-11,58,25,33,100.24137931034483,128.13741379310346,132,56.9
2016-09-12,52,13,39,136.80769230769232,118.41134615384615,115,75.0
2016-09-13,35,5,30,106.22857142857143,114.12342857142858,71,85.71
2016-09-14,41,6,35,197.17073170731706,82.42707317073172,75,85.37
2016-09-15,84,5,79,303.95238095238096,79.43059523809524,155,94.05
2016-09-16,29,9,20,174.58620689655172,114.67896551724138,60,68.97
2016-09-17,27,4,23,132.22222222222223,126.06888888888889,59,85.19
2016-09-18,71,11,60,111.02816901408451,91.93521126760562,135,84.51
2016-09-19,76,24,52,128.44736842105263,96.57078947368421,144,68.42
2016-09-20,66,15,51,192.15151515151516,86.31318181818182,137,77.27
2016-09-21,77,35,42,304.06493506493507,80.9883116883117,146,54.55
2016-09-22,32,11,21,134.5625,96.0109375,63,65.62
2016-09-23,44,18,26,105.79545454545455,123.64136363636364,96,59.09
2016-09-24,40,15,25,115.0,119.94749999999999,91,62.5
2016-09-25,40,9,31,118.05,85.6165,72,77.5
2016-09-26,96,29,67,286.5625,87.80114583333334,192,69.79
2016-09-27,35,6,29,107.94285714285714,103.90714285714286,66,82.86
2016-09-28,33,10,23,95.72727272727273,97.23363636363636,62,69.7
2016-09-29,44,4,40,181.11363636363637,80.09363636363636,77,90.91
2016-09-30,58,29,29,113.63793103448276,96.99724137931035,112,50.0
2016-10-01,45,25,20,141.86666666666667,80.00488888888889,91,44.44
2016-10-02,39,6,33,96.35897435897436,82.6425641025641,76,84.62
2016-10-03,50,13,37,76.4,86.1268,105,74.0
2016-10-04,41,7,34,92.04878048780488,84.34024390243901,82,82.93
2016-10-05,49,11,38,47.95918367346939,77.19469387755102,101,77.55
2016-10-06,125,32,93,286.896,58.114239999999995,233,74.4
2016-10-07,26,8,18,120.26923076923077,90.025,66,69.23
2016-10-08,70,41,29,254.18571428571428,72.75814285714286,137,41.43
2016-10-09,115,39,76,120.29565217391304,59.43982608695652,213,66.09
2016-10-10,41,3,38,39.48780487804878,60.21585365853658,69,92.68
2016-10-11,72,7,65,106.84722222222223,64.94694444444445,112,90.28
2016-10-12,100,7,93,296.52,67.373,171,93.0
2016-10-13,22,2,20,218.13636363636363,72.95318181818182,41,90.91
2016-10-14,25,3,22,319.28,67.8968,40,88.0
2016-10-15,36,24,12,110.41666666666667,84.33083333333333,92,33.33
2016-10-16,92,31,61,127.18478260869566,66.84847826086957,179,66.3
2016-10-17,56,19,37,86.0,62.35339285714286,99,66.07
2016-10-18,76,21,55,53.921052631578945,64.36578947368422,141,72.37
2016-10-19,53,12,41,93.58490566037736,64.54245283018868,94,77.36
2016-10-20,103,17,86,271.15533980582524,55.20077669902913,201,83.5
2016-10-21,55,23,32,113.65454545454546,82.46763636363637,125,58.18
2016-10-22,93,59,34,124.39784946236558,79.13344086021505,208,36.56
2016-10-23,59,10,49,102.55932203389831,57.507627118644066,114,83.05
2016-10-24,66,20,46,51.78787878787879,61.251363636363635,126,69.7
2016-10-25,47,9,38,44.42553191489362,68.3636170212766,84,80.85
2016-10-26,64,18,46,53.734375,66.319375,120,71.88
2016-10-27,73,35,38,77.73972602739725,64.59397260273973,138,52.05
2016-10-28,70,22,48,65.1,63.263,143,68.57
2016-10-29,96,20,76,60.135416666666664,54.45458333333334,191,79.17
2016-10-30,63,12,51,39.20634920634921,61.79238095238095,130,80.95
2016-10-31,62,11,51,59.88709677419355,57.105645161290326,134,82.26
2016-11-01,53,22,31,154.41509433962264,49.76,104,58.49
2016-11-02,45,9,36,39.17777777777778,52.19577777777778,80,80.0
2016-11-03,62,20,42,114.48387096774194,45.61306451612903,117,67.74
2016-11-04,55,8,47,35.69090909090909,58.609272727272725,107,85.45
2016-11-05,82,29,53,84.8170731707317,50.86012195121951,167,64.63
2016-11-06,33,8,25,50.15151515151515,52.881212121212116,61,75.76
2016-11-07,46,8,38,40.67391304347826,56.96673913043478,76,82.61
2016-11-08,49,8,41,43.44897959183673,50.57469387755102,86,83.67
2016-11-09,37,2,35,47.7027027027027,35.15162162162162,61,94.59
2016-11-10,53,15,38,53.9811320754717,51.896415094339616,105,71.7
2016-11-11,43,12,31,47.48837209302326,50.38441860465116,84,72.09
2016-11-12,58,17,41,60.60344827586207,50.974137931034484,116,70.69
2016-11-13,31,0,31,24.032258064516128,55.80838709677419,60,100.0
2016-11-14,54,8,46,32.129629629629626,54.62148148148148,91,85.19
2016-11-15,47,1,46,21.48936170212766,46.77765957446809,67,97.87
2016-11-16,33,4,29,24.818181818181817,48.877878787878785,53,87.88
2016-11-17,61,12,49,56.0,47.2327868852459,116,80.33
2016-11-18,66,9,57,45.56060606060606,53.07606060606061,124,86.36
2016-11-19,53,5,48,33.264150943396224,53.911886792452826,99,90.57
2016-11-20,22,2,20,39.68181818181818,54.003181818181815,36,90.91
2016-11-21,38,9,29,38.0,49.15657894736842,69,76.32
2016-11-22,23,4,19,17.043478260869566,40.799565217391304,34,82.61
2016-11-23,31,6,25,28.548387096774192,45.63967741935484,47,80.65
2016-11-24,36,7,29,39.388888888888886,48.24305555555556,61,80.56
2016-11-25,45,8,37,25.288888888888888,54.34,96,82.22
2016-11-26,63,22,41,75.23809523809524,47.49984126984127,132,65.08
2016-11-27,17,4,13,30.294117647058822,52.92,30,76.47
2016-11-28,35,2,33,19.97142857142857,43.48171428571428,47,94.29
2016-11-29,41,8,33,42.53658536585366,46.70341463414634,71,80.49
2016-11-30,19,6,13,45.21052631578947,43.75368421052631,35,68.42
2016-12-01,44,7,37,29.0,58.19295454545454,85,84.09
2016-12-02,56,5,51,42.839285714285715,53.72767857142857,114,91.07
2016-12-03,100,42,58,106.42,66.8741,198,58.0
2016-12-04,18,1,17,18.166666666666668,55.24055555555556,35,94.44
2016-12-05,59,11,48,24.508474576271187,67.49067796610169,111,81.36
2016-12-06,27,6,21,25.296296296296298,45.702962962962964,46,77.78
2016-12-07,29,7,22,58.275862068965516,51.039655172413795,54,75.86
2016-12-08,80,20,60,36.6875,65.570875,149,75.0
2016-12-09,23,3,20,37.65217391304348,49.796956521739126,41,86.96
2016-12-10,40,9,31,31.825,59.09974999999999,86,77.5
2016-12-11,16,3,13,40.25,47.8775,33,81.25
2016-12-12,34,4,30,13.117647058823529,43.389117647058825,50,88.24
2016-12-13,32,2,30,20.40625,36.1625,48,93.75
2016-12-14,37,1,36,4.783783783783784,34.15945945945946,46,97.3
2016-12-15,35,5,30,51.285714285714285,44.32542857142857,57,85.71
2016-12-16,44,6,38,28.613636363636363,49.40590909090909,78,86.36
2016-12-17,60,15,45,38.78333333333333,56.27733333333333,114,75.0
2016-12-18,16,4,12,52.1875,58.36375,37,75.0
2016-12-19,42,7,35,58.57142857142857,50.8752380952381,75,83.33
2016-12-20,36,14,22,100.36111111111111,59.33361111111112,69,61.11
2016-12-21,31,8,23,69.87096774193549,53.54387096774193,58,74.19
2016-12-22,53,15,38,113.28301886792453,63.02849056603774,89,71.7
2016-12-23,64,20,44,88.78125,64.6640625,127,68.75
2016-12-24,64,16,48,90.28125,68.59875,127,75.0
2016-12-25,21,2,19,83.04761904761905,66.63857142857144,48,90.48
2016-12-26,50,21,29,102.1,64.968,106,58.0
2016-12-27,38,7,31,57.76315789473684,61.31026315789474,72,81.58
2016-12-28,34,8,26,85.73529411764706,90.35088235294117,62,76.47
2016-12-29,33,6,27,90.36363636363636,85.62242424242424,67,81.82
2016-12-30,134,43,91,101.23134328358209,173.47268656716417,281,67.91
2016-12-31,31,8,23,92.54838709677419,166.49193548387098,68,74.19
2017-01-01,25,10,15,67.52,55.7768,49,60.0
2017-01-02,55,13,42,53.50909090909091,54.54890909090909,108,76.36
2017-01-03,29,7,22,43.724137931034484,58.535862068965514,60,75.86
2017-01-04,35,8,27,16.457142857142856,45.67628571428572,64,77.14
2017-01-05,33,4,29,44.878787878787875,55.68242424242424,60,87.88
2017-01-06,43,5,38,23.209302325581394,55.98558139534884,93,88.37
2017-01-07,38,7,31,34.05263157894737,54.933684210526316,76,81.58
2017-01-08,29,5,24,39.724137931034484,47.94827586206897,54,82.76
2017-01-09,32,5,27,54.875,44.478125,54,84.38
2017-01-10,35,2,33,30.542857142857144,38.86914285714286,55,94.29
2017-01-11,24,8,16,11.083333333333334,48.72541666666667,38,66.67
2017-01-12,42,5,37,26.80952380952381,44.522619047619045,66,88.1
2017-01-13,22,3,19,15.863636363636363,44.61,41,86.36
2017-01-14,74,14,60,26.675675675675677,59.77783783783784,135,81.08
2017-01-15,18,1,17,56.333333333333336,48.73388888888889,33,94.44
2017-01-16,132,18,114,40.5,53.76083333333334,144,86.36
2017-01-17,38,5,33,23.394736842105264,40.27447368421053,56,86.84
2017-01-18,29,2,27,13.03448275862069,51.80413793103448,43,93.1
2017-01-19,52,7,45,30.96153846153846,55.76384615384616,102,86.54
2017-01-20,24,8,16,28.708333333333332,50.99,47,66.67
2017-01-21,46,2,44,19.41304347826087,52.10695652173913,90,95.65
2017-01-22,24,4,20,59.666666666666664,56.729166666666664,48,83.33
2017-01-23,32,6,26,18.21875,43.23875,46,81.25
2017-01-24,35,3,32,16.257142857142856,49.408857142857144,53,91.43
2017-01-25,40,2,38,15.675,43.39425,53,95.0
2017-01-26,54,4,50,23.27777777777778,49.541296296296295,100,92.59
2017-01-27,79,12,67,15.658227848101266,53.55050632911392,145,84.81
2017-01-28,61,20,41,33.14754098360656,55.02081967213115,127,67.21
2017-01-29,35,4,31,22.0,52.05914285714285,71,88.57
2017-01-30,58,8,50,17.310344827586206,52.28603448275862,92,86.21
2017-01-31,34,4,30,34.73529411764706,43.745588235294115,50,88.24
2017-02-01,35,5,30,12.057142857142857,40.01942857142857,51,85.71
2017-02-02,32,8,24,38.3125,44.463125,51,75.0
2017-02-03,45,7,38,29.733333333333334,57.855111111111114,90,84.44
2017-02-04,81,15,66,43.074074074074076,51.37358024691358,157,81.48
2017-02-05,16,4,12,47.25,54.725625,31,75.0
2017-02-06,65,11,54,38.66153846153846,68.09753846153846,125,83.08
2017-02-07,31,7,24,26.387096774193548,52.200967741935486,52,77.42
2017-02-08,42,6,36,18.952380952380953,48.53071428571428,68,85.71
2017-02-09,44,3,41,17.40909090909091,50.02318181818182,76,93.18
2017-02-10,88,43,45,96.47727272727273,55.98238636363636,173,51.14
2017-02-11,64,17,47,29.75,55.92171875,137,73.44
2017-02-12,38,8,30,49.78947368421053,59.97684210526315,79,78.95
2017-02-13,84,13,71,77.70238095238095,58.35785714285715,152,84.52
2017-02-14,57,11,46,23.210526315789473,58.95052631578947,109,80.7
2017-02-15,31,4,27,27.677419354838708,57.54806451612903,48,87.1
2017-02-16,52,12,40,45.42307692307692,55.80692307692308,93,76.92
2017-02-17,97,22,75,44.79381443298969,56.283195876288666,194,77.32
2017-02-18,82,26,56,42.90243902439025,58.570243902439024,183,68.29
2017-02-19,46,17,29,59.17391304347826,50.62913043478261,86,63.04
2017-02-20,58,9,49,24.982758620689655,48.66189655172413,87,84.48
2017-02-21,49,7,42,27.183673469387756,45.27897959183674,86,85.71
2017-02-22,72,21,51,36.513888888888886,50.09375,129,70.83
2017-02-23,69,19,50,34.55072463768116,54.77,133,72.46
2017-02-24,57,22,35,51.36842105263158,63.383508771929826,119,61.4
2017-02-25,109,33,76,47.37614678899082,64.76807339449542,237,69.72
2017-02-26,46,6,40,27.02173913043478,63.696739130434786,101,86.96
2017-02-27,33,5,28,19.03030303030303,61.369090909090914,73,84.85
2017-02-28,60,27,33,38.63333333333333,48.818666666666665,119,55.0
2017-03-01,73,25,48,89.36986301369863,51.83383561643836,132,65.75
2017-03-02,105,1,104,19.19047619047619,45.18428571428572,181,99.05
2017-03-03,25,6,19,11.72,67.128,39,76.0
2017-03-04,26,7,19,59.88461538461539,67.90346153846154,54,73.08
2017-03-05,82,30,52,171.8658536585366,50.88231707317074,141,63.41
2017-03-06,32,5,27,31.40625,51.0721875,51,84.38
2017-03-07,46,5,41,39.91304347826087,57.40956521739131,80,89.13
2017-03-08,26,5,21,49.57692307692308,53.0923076923077,42,80.77
2017-03-09,105,48,57,78.15238095238095,60.66142857142857,199,54.29
2017-03-10,41,7,34,67.0,68.74707317073171,83,82.93
2017-03-11,74,26,48,147.6891891891892,59.00378378378378,132,64.86
2017-03-12,40,8,32,79.5,53.887,69,80.0
2017-03-13,56,9,47,75.01785714285714,55.768035714285716,101,83.93
2017-03-14,74,34,40,82.77027027027027,62.819459459459466,128,54.05
2017-03-15,47,9,38,100.59574468085107,48.61914893617021,64,80.85
2017-03-16,40,4,36,86.9,61.407500000000006,71,90.0
2017-03-17,23,6,17,47.95652173913044,76.6595652173913,48,73.91
2017-03-18,49,13,36,75.73469387755102,65.69102040816327,92,73.47
2017-03-19,50,6,44,89.14,52.5238,88,88.0
2017-03-20,43,4,39,34.651162790697676,59.44441860465117,56,90.7
2017-03-21,28,0,28,139.14285714285714,44.52178571428572,40,100.0
2017-03-22,17,3,14,57.588235294117645,61.39352941176471,26,82.35
2017-03-23,28,2,26,47.92857142857143,59.825357142857136,43,92.86
2017-03-24,44,25,19,230.0909090909091,46.845,77,43.18
2017-03-25,52,9,43,130.92307692307693,56.76461538461538,105,82.69
2017-03-26,28,8,20,81.25,60.90428571428571,48,71.43
2017-03-27,75,50,25,85.66666666666667,64.01906666666667,140,33.33
2017-03-28,43,10,33,42.7906976744186,58.21674418604652,70,76.74
2017-03-29,59,8,51,38.644067796610166,56.60084745762712,105,86.44
2017-03-30,58,9,49,38.43103448275862,75.22568965517242,101,84.48
2017-03-31,66,12,54,43.07575757575758,68.40181818181817,123,81.82
2017-04-01,35,8,27,80.54285714285714,81.21342857142857,76,77.14
2017-04-02,29,8,21,56.44827586206897,75.20758620689655,56,72.41
2017-04-03,64,26,38,54.046875,64.398125,98,59.38
2017-04-04,28,5,23,73.17857142857143,74.8075,49,82.14
2017-04-05,91,14,77,129.95604395604394,60.639120879120874,161,84.62
2017-04-06,39,13,26,92.0,82.22846153846153,76,66.67
2017-04-07,30,9,21,41.1,108.11066666666667,65,70.0
2017-04-08,89,34,55,142.30337078651687,95.64426966292135,203,61.8
2017-04-09,98,43,55,95.03061224489795,88.01295918367347,205,56.12
2017-04-10,52,16,36,64.17307692307692,89.89365384615385,112,69.23
2017-04-11,55,12,43,51.78181818181818,105.37054545454545,115,78.18
2017-04-12,45,12,33,63.666666666666664,104.22866666666667,96,73.33
2017-04-13,96,39,57,90.40625,111.7728125,214,59.38
2017-04-14,83,39,44,87.37349397590361,102.76481927710843,177,53.01
2017-04-15,47,18,29,89.61702127659575,84.82808510638299,99,61.7
2017-04-16,60,27,33,97.21666666666667,88.88083333333334,136,55.0
2017-04-17,65,19,46,73.58461538461539,84.37507692307692,118,70.77
2017-04-18,53,11,42,42.320754716981135,70.7232075471698,85,79.25
2017-04-19,41,5,36,85.41463414634147,86.15243902439025,71,87.8
2017-04-20,41,8,33,63.80487804878049,74.33487804878048,68,80.49
2017-04-21,32,9,23,59.21875,85.0790625,59,71.88
2017-04-22,96,25,71,197.79166666666666,83.30312500000001,179,73.96
2017-04-23,53,9,44,146.0566037735849,72.19528301886793,88,83.02
2017-04-24,18,3,15,54.94444444444444,90.96555555555557,35,83.33
2017-04-25,47,12,35,143.4255319148936,91.58744680851063,87,74.47
2017-04-26,23,3,20,50.08695652173913,83.35608695652174,40,86.96
2017-04-27,47,11,36,58.680851063829785,96.65063829787233,87,76.6
2017-04-28,55,15,40,96.2909090909091,96.63818181818182,113,72.73
2017-04-29,150,53,97,86.07333333333334,93.4462,322,64.67
2017-04-30,80,31,49,142.075,82.822625,159,61.25
2017-05-01,49,13,36,103.81632653061224,94.7004081632653,107,73.47
2017-05-02,53,12,41,70.64150943396227,77.46886792452831,98,77.36
2017-05-03,75,31,44,109.56,90.26599999999999,141,58.67
2017-05-04,80,38,42,154.25,76.58375,151,52.5
2017-05-05,66,31,35,109.98484848484848,87.73454545454547,127,53.03
2017-05-06,34,11,23,64.17647058823529,101.29323529411764,81,67.65
2017-05-07,46,10,36,97.80434782608695,77.11369565217392,88,78.26
2017-05-08,83,13,70,97.6144578313253,74.79963855421687,147,84.34
2017-05-09,79,27,52,193.9746835443038,86.53696202531646,154,65.82
2017-05-10,31,16,15,103.51612903225806,73.54161290322581,58,48.39
2017-05-11,45,13,32,92.31111111111112,96.12533333333334,90,71.11
2017-05-12,42,8,34,90.04761904761905,91.91952380952381,89,80.95
2017-05-13,61,19,42,117.47540983606558,92.31344262295082,122,68.85
2017-05-14,47,14,33,106.7872340425532,78.05063829787234,94,70.21
2017-05-15,63,8,55,80.96825396825396,68.31142857142856,113,87.3
2017-05-16,47,5,42,104.51063829787235,80.57787234042553,93,89.36
2017-05-17,45,14,31,105.04444444444445,96.30466666666666,96,68.89
2017-05-18,50,12,38,141.36,82.538,97,76.0
2017-05-19,25,11,14,130.36,97.78120000000001,56,56.0
2017-05-20,40,15,25,147.625,93.19800000000001,87,62.5
2017-05-21,52,17,35,106.11538461538461,84.00673076923077,102,67.31
2017-05-22,52,10,42,96.6923076923077,93.46153846153847,110,80.77
2017-05-23,57,11,46,49.94736842105263,72.59894736842107,101,80.7
2017-05-24,53,9,44,68.0754716981132,70.95264150943396,92,83.02
2017-05-25,143,43,100,269.7692307692308,78.40356643356643,302,69.93
2017-05-26,37,17,20,162.1891891891892,114.60432432432431,88,54.05
2017-05-27,40,23,17,165.425,98.25874999999999,89,42.5
2017-05-28,99,31,68,127.4040404040404,96.44444444444444,209,68.69
2017-05-29,50,7,43,102.44,103.3826,99,86.0
2017-05-30,53,23,30,119.0377358490566,97.35754716981131,102,56.6
2017-05-31,60,33,27,231.43333333333334,87.33883333333333,121,45.0
2017-06-01,77,22,55,88.51948051948052,99.92545454545454,143,71.43
2017-06-02,84,37,47,91.55952380952381,128.57761904761907,185,55.95
2017-06-03,96,49,47,245.46875,97.60083333333334,201,48.96
2017-06-04,47,12,35,162.19148936170214,102.23382978723404,94,74.47
2017-06-05,42,19,23,189.57142857142858,111.49690476190476,87,54.76
2017-06-06,38,10,28,137.0,108.94631578947369,69,73.68
2017-06-07,39,11,28,110.7948717948718,104.95769230769231,70,71.79
2017-06-08,67,28,39,158.55223880597015,96.30358208955224,125,58.21
2017-06-09,56,20,36,72.16071428571429,127.43625,124,64.29
2017-06-10,69,17,52,115.04347826086956,136.40478260869565,150,75.36
2017-06-11,69,24,45,127.56521739130434,94.2449275362319,140,65.22
2017-06-12,46,17,29,124.15217391304348,113.9958695652174,93,63.04
2017-06-13,43,12,31,146.13953488372093,117.02488372093022,91,72.09
2017-06-14,48,22,26,121.5625,124.98312499999999,94,54.17
2017-06-15,72,27,45,158.125,118.2934722222222,152,62.5
2017-06-16,55,29,26,138.76363636363635,127.208,122,47.27
2017-06-17,56,21,35,170.67857142857142,132.79035714285715,124,62.5
2017-06-18,56,28,28,133.78571428571428,109.09410714285715,110,50.0
2017-06-19,49,18,31,161.0612244897959,128.59591836734694,109,63.27
2017-06-20,39,12,27,156.28205128205127,132.07564102564103,85,69.23
2017-06-21,38,12,26,150.97368421052633,131.43526315789472,82,68.42
2017-06-22,60,21,39,155.63333333333333,113.42616666666666,121,65.0
2017-06-23,44,11,33,109.36363636363636,140.82477272727272,93,75.0
2017-06-24,74,29,45,196.09459459459458,124.69243243243243,175,60.81
2017-06-25,60,34,26,170.98333333333332,117.70783333333334,139,43.33
2017-06-26,76,29,47,199.01315789473685,116.27184210526316,161,61.84
2017-06-27,29,12,17,154.27586206896552,129.3544827586207,65,58.62
2017-06-28,34,12,22,143.44117647058823,122.26647058823531,72,64.71
2017-06-29,40,13,27,150.725,120.41624999999999,90,67.5
2017-06-30,72,23,49,110.90277777777777,133.65194444444444,149,68.06
2017-07-01,90,38,52,170.44444444444446,141.0158888888889,213,57.78
2017-07-02,55,23,32,167.98181818181817,146.122,137,58.18
2017-07-03,67,30,37,168.17910447761193,155.53955223880595,166,55.22
2017-07-04,49,19,30,180.20408163265307,142.6226530612245,120,61.22
2017-07-05,40,15,25,126.025,143.45325,81,62.5
2017-07-06,44,14,30,183.1818181818182,142.88022727272727,107,68.18
2017-07-07,42,14,28,128.71428571428572,147.30809523809523,94,66.67
2017-07-08,51,16,35,109.54901960784314,175.9186274509804,131,68.63
2017-07-09,69,14,55,135.07246376811594,153.14246376811593,156,79.71
2017-07-10,64,21,43,109.578125,171.4975,150,67.19
2017-07-11,69,24,45,81.05797101449275,171.7636231884058,148,65.22
2017-07-12,56,19,37,66.03571428571429,161.46535714285713,126,66.07
2017-07-13,54,14,40,62.96296296296296,160.0577777777778,113,74.07
2017-07-14,56,19,37,80.78571428571429,192.40607142857144,132,66.07
2017-07-15,72,28,44,91.18055555555556,193.66569444444445,171,61.11
2017-07-16,54,21,33,162.66666666666666,167.81425925925925,131,61.11
2017-07-17,69,33,36,141.18840579710144,205.22246376811594,171,52.17
2017-07-18,53,17,36,111.86792452830188,168.94528301886794,115,67.92
2017-07-19,37,11,26,93.54054054054055,183.87054054054053,81,70.27
2017-07-20,46,15,31,131.47826086956522,189.41086956521738,110,67.39
2017-07-21,46,15,31,114.19565217391305,197.41260869565215,110,67.39
2017-07-22,64,38,26,146.125,203.5875,155,40.62
2017-07-23,52,17,35,118.09615384615384,201.0351923076923,127,67.31
2017-07-24,77,29,48,140.7012987012987,200.7061038961039,180,62.34
2017-07-25,44,14,30,128.70454545454547,189.26863636363635,101,68.18
2017-07-26,41,23,18,110.63414634146342,199.49365853658537,94,43.9
2017-07-27,52,17,35,111.0,185.72096153846152,120,67.31
2017-07-28,59,24,35,99.44067796610169,185.60694915254237,135,59.32
2017-07-29,66,33,33,131.3030303030303,219.41681818181817,181,50.0
2017-07-30,53,16,37,178.33962264150944,181.42679245283017,120,69.81
2017-07-31,63,29,34,125.12698412698413,216.00063492063492,156,53.97
2017-08-01,74,28,46,141.83783783783784,208.58635135135134,175,62.16
2017-08-02,44,15,29,131.25,210.67613636363637,113,65.91
2017-08-03,53,25,28,108.81132075471699,205.74377358490565,121,52.83
2017-08-04,66,29,37,116.0909090909091,213.07545454545453,151,56.06
2017-08-05,69,31,38,121.08695652173913,220.0069565217391,169,55.07
2017-08-06,74,31,43,127.78378378378379,210.3406756756757,176,58.11
2017-08-07,84,36,48,162.85714285714286,216.08428571428573,201,57.14
2017-08-08,48,10,38,132.20833333333334,209.08645833333333,116,79.17
2017-08-09,32,8,24,115.21875,239.4478125,82,75.0
2017-08-10,44,15,29,112.27272727272727,202.1084090909091,99,65.91
2017-08-11,50,20,30,146.0,205.0722,106,60.0
2017-08-12,56,20,36,158.64285714285714,205.56875,138,64.29
2017-08-13,60,21,39,157.03333333333333,194.27816666666666,140,65.0
2017-08-14,65,30,35,147.95384615384614,215.7673846153846,156,53.85
2017-08-15,52,20,32,87.40384615384616,193.3498076923077,122,61.54
2017-08-16,54,16,38,115.18518518518519,213.62296296296296,128,70.37
2017-08-17,89,45,44,121.96629213483146,216.148202247191,211,49.44
2017-08-18,60,23,37,102.83333333333333,223.31633333333332,141,61.67
2017-08-19,66,27,39,152.1060606060606,216.2227272727273,166,59.09
2017-08-20,58,22,36,157.01724137931035,197.8062068965517,134,62.07
2017-08-21,65,26,39,117.18461538461538,221.60476923076922,164,60.0
2017-08-22,38,7,31,79.28947368421052,235.25894736842105,99,81.58
2017-08-23,40,12,28,101.725,206.17624999999998,90,70.0
2017-08-24,65,28,37,146.66153846153847,192.28246153846155,148,56.92
2017-08-25,52,17,35,84.0576923076923,214.78403846153847,129,67.31
2017-08-26,65,31,34,102.76923076923077,212.43107692307694,164,52.31
2017-08-27,67,21,46,110.17910447761194,189.5823880597015,152,68.66
2017-08-28,78,37,41,80.92307692307692,204.03102564102565,180,52.56
2017-08-29,35,14,21,89.77142857142857,181.6662857142857,79,60.0
2017-08-30,42,14,28,73.69047619047619,168.13285714285715,94,66.67
2017-08-31,55,14,41,87.10909090909091,173.494,124,74.55
